Search Term,Tweet Text,URL
Lucky Charms,"They gave us Oops All Berries, Extra Toasty Cheez-itz, even all pink Starburst, Doritos and Lucky Charms, it's your turn.",
Lucky Charms,It's always a sad day when I get to the bottom of my box of Lucky Charms.,
Lucky Charms,Lucky Charms Shots Are The Most Magically Delish Way To Eat Cereal https://t.co/XWF8CNq7oC via @Delish,http://www.delish.com/cooking/videos/a51857/lucky-charms-shots-video/
Lucky Charms,Now all we need is all charms from lucky charms,
Lucky Charms,"Graphing Lucky Charms marshmallows is a fun and tasty way for students to sort, classify, and collect data.‚Ä¶ https://t.co/3bqTDOsR0s",https://twitter.com/i/web/status/839571744537133056
Lucky Charms,"RT @saltandstraw: When you spend hours separating the marshmallows from the Lucky Charms, you want to pour them into EVERYTHING. https://t.‚Ä¶",
Lucky Charms,"I guess I'm a lucky don,
and she a lucky queen,
cause her jewellery box
looks like lucky charms.
üî•",
Lucky Charms,"@ATGamings wait ""Lucky Charms in a hollowed-out  pickle"" isn't the next line of the song?",
Lucky Charms,RT @DavisVashon: @_ArmaniMurphy  if lucky charms your favorite cereal you ain't real,
Lucky Charms,"RT @sassycxss: i read ""natural"" and almost choked on my lucky charms https://t.co/DWiKabKVXY",
Lucky Charms,Chocolate Lucky Charms are what my life has been missing,
Lucky Charms,RT @HondaCRF_250L: DTE Energy's Outage Map: Hang on to your hats Folks!  I've NEVER seen this map look like a bowl of Lucky Charms...(Legen‚Ä¶,
Lucky Charms,"RT @DeathRowDiner: St Patricks day next Friday! 

We'll be running lots of specials including this Spiced Rum Shamrock Shake, topped with l‚Ä¶",
Lucky Charms,YFN Ladies Lovely Cute Jewelry Gift Silver Good Lucky Elephant Stud Earrings Charms YFN https://t.co/Kn5gbtN1gP,https://www.bittopper.com/item/yfn-ladies-lovely-cute-jewelry-gift-silver-good-lucky/
Lucky Charms,"When you spend hours separating the marshmallows from the Lucky Charms, you want to pour them into EVERYTHING. https://t.co/6QSPHeX1T6",
Lucky Charms,"When you spend hours separating the marshmallows from the Lucky Charms, you want to pour them into EVERYTHING. https://t.co/DAolUN2VLu",
Lucky Charms,Check out this $700 Amazon Giveaway! https://t.co/XcLeKwudUg,http://gvwy.io/4pl4wri
Lucky Charms,@luckycharms can you buy a bag of just one type of lucky charms marshmallows?,
Lucky Charms,"RT @sassycxss: i read ""natural"" and almost choked on my lucky charms https://t.co/DWiKabKVXY",
Lucky Charms,@ByYourLogic I will Periscope him later when I get home from work. Knowing him he's eating Lucky Charms nude while livecasting on Chaturbate,
Lucky Charms,DTE Energy's Outage Map: Hang on to your hats Folks!  I've NEVER seen this map look like a bowl of Lucky Charms...(‚Ä¶ https://t.co/HWi8FG7CvO,https://twitter.com/i/web/status/839565220133625857
Lucky Charms,"RT @sassycxss: i read ""natural"" and almost choked on my lucky charms https://t.co/DWiKabKVXY",
Lucky Charms,RT @MyMenuPal: #Ad Celebrate #NationalCerealDay with our Lucky Charms Cooler. It has secret ingredients that may surprise you! https://t.co‚Ä¶,
Lucky Charms,"Just bought lucky charms for the first time in a while, who the hell is this? https://t.co/2Sh1Acak8B",
Lucky Charms,"RT @sassycxss: i read ""natural"" and almost choked on my lucky charms https://t.co/DWiKabKVXY",
Lucky Charms,"@DeityFree Oh, they're always after me Lucky Charms!",
Lucky Charms,no punkass kids will be stealin‚Äô my lucky charms this time,
Lucky Charms,Me.    https://t.co/VaE3CrRXEE,http://nypost.com/2017/03/06/wife-poisons-husbands-lucky-charms-to-avoid-sex-with-him/?utm_campaign=SocialFlow&utm_source=NYPFacebook&utm_medium=SocialFlow&sr_share=facebook
Lucky Charms,@batemansworld You'll just have to make do with Twinkies and Lucky Charms I'm afraid. üòîüò≥ Sowwii.üòò,
Lucky Charms,RT @edenlinda7: @sassycxss bitchh im eating lucky charms also and i choked on a charm!!,
Lucky Charms,@sassycxss bitchh im eating lucky charms also and i choked on a charm!!,
Lucky Charms,"RT @sassycxss: i read ""natural"" and almost choked on my lucky charms https://t.co/DWiKabKVXY",
Lucky Charms,"RT @sybil1037: Look who I got to meet today... cereal mixer @jewel_goofy at #PreferredCare in Plano! Tmrw, we're def trying Lucky Charms w/‚Ä¶",
Lucky Charms,TaylorHD - Lucky Charms (Lucky Graham Diss Track) Listen now @ https://t.co/uL634epe5x,http://streetmoneymagazine.com/home-streetmoneyradio
Lucky Charms,"OK, we have an all pink Starburst pack. Now let's work on

1. All folded chips Lays
2. Just muffin tops muffins
3. Only the Lucky Charms",
Lucky Charms,RT @MClaireEgan: We look like a colorful bowl of (get) Lucky Charms! üíö‚òòÔ∏èüíúüíó https://t.co/tJ6ZKhBibf,https://twitter.com/joshuamorrowyr/status/839550128616722432
Lucky Charms,I'm about to call my sister and cuss her bitchass out this the THIRD fucking box of lucky charms she's ate all the charms out of,
Lucky Charms,@MattBruenig yeah but if you won the lottery you'd save it all and still eat lucky charms for dinner,
Lucky Charms,"i read ""natural"" and almost choked on my lucky charms https://t.co/DWiKabKVXY",
Lucky Charms,"Luxury Lucky Frog key ring chain 

Tag a friend who would love this! 

FR ... https://t.co/WjgY0VHite https://t.co/uzUUjbjFP4",https://funnysocksshop.com/jinglang-free-shipping-fashion-plated-gold-keyring-hollowed-rhinestone-frog-charms-keychain-car-bag-hanger-luxury-jewelry/
Lucky Charms,RT @FreddyAmazin: WHY DID THE DOG START SCREAMING https://t.co/NQZUwYatTC,
Lucky Charms,RT @TallGuyJavii: Lmao if you don't like the marshmallows in lucky charms you're weird,
Lucky Charms,This morning I watched a freshman crumble a cookie into his lucky charms for breakfast,
Lucky Charms,"I wanted a whole bucket of lucky charms, that's all I'd eat from the cereal. https://t.co/cRo9XJbGdS",https://twitter.com/luckycharms/status/830191193149542401
Lucky Charms,RT @hancecgar: @@@@ that title goes to Lucky Charms https://t.co/B3sttZvStl,https://twitter.com/_ajls/status/838993054409228288
Lucky Charms,RT @BellaBucchiotti: Happy #NationalCerealDay Check out the Magically Delicious @LuckyCharms cake that I made for Wear+Where+Well  https://‚Ä¶,
Lucky Charms,"Too many bowls of that green, no lucky charms.",
Lucky Charms,@copedan9 lucky charms tho,
Lucky Charms,RT @G8R_H8R: He's always after me lucky charms... https://t.co/WAf6eeyx4Y,https://twitter.com/katherinewebb26/status/839484714729766912
Lucky Charms,"@usasmitty @moodyflufnstuf 

Box of lucky charms and a half gallon of milk",
Lucky Charms,Lucky charms party next week and the universal soul circus the Friday after next. #inTHERE,
Lucky Charms,"Your days are numbered, Conor. I'm taking your lucky charms! https://t.co/UcBA4OwrdY",
Lucky Charms,"I wanted a sweet dessert to follow up my lunch &amp; decided upon Lucky Charms, bc I'm actually 5 years old üôÉüçÄ",
Lucky Charms,"RT @sybil1037: Look who I got to meet today... cereal mixer @jewel_goofy at #PreferredCare in Plano! Tmrw, we're def trying Lucky Charms w/‚Ä¶",
Lucky Charms,Lucky Charms should just make boxes of marshmallows,
Lucky Charms,"RT @AmishPornStar1: ""What if we just throw some pretty-colored marshmallows in with some cat food?""

-inventor of Lucky Charms",
Lucky Charms,"RT @AmishPornStar1: ""What if we just throw some pretty-colored marshmallows in with some cat food?""

-inventor of Lucky Charms",
Lucky Charms,RT @MClaireEgan: We look like a colorful bowl of (get) Lucky Charms! üíö‚òòÔ∏èüíúüíó https://t.co/tJ6ZKhBibf,https://twitter.com/joshuamorrowyr/status/839550128616722432
Lucky Charms,RT @Barkerjbarker: Have you ever wondered how many marshmallows you might get in a bowl of lucky charms? K/1's at Hjorth did an inquiry. #s‚Ä¶,
Lucky Charms,We look like a colorful bowl of (get) Lucky Charms! üíö‚òòÔ∏èüíúüíó https://t.co/tJ6ZKhBibf,https://twitter.com/joshuamorrowyr/status/839550128616722432
Lucky Charms,"Mi √® piaciuto un video di @YouTube: https://t.co/602OzxDU7l Lucky Charms - Tyler, the Creator",http://youtu.be/wIkpFCRHrZA?a
Lucky Charms,Top 5: 1. Fruity pebbles 2. Apple Jacks 3. Lucky charms 4. Trix 5. Front loops https://t.co/oxRW3ngtzf,https://twitter.com/tayglo_/status/839539710779326464
Lucky Charms,@SethAndrewsTTA Lucky Charms...leaving just marshmallows and picking out all the rest,
Lucky Charms,@SethAndrewsTTA Lucky Charms. Especially if I see the chocolate ones. But I can quit any time.,
Lucky Charms,"Look who I got to meet today... cereal mixer @jewel_goofy at #PreferredCare in Plano! Tmrw, we're def trying Lucky‚Ä¶ https://t.co/fTjF7vAzor",https://twitter.com/i/web/status/839549696528035840
Lucky Charms,"My best friend called me a child for eating the marshmallows last in my lucky charms, but she climbed through my doggy door this morning....",
Lucky Charms,Lucky Charms Pie at Pied Piper Pies near West Point. Perfect for the first family cereal @SydGolic @NDmom‚Ä¶ https://t.co/2LyTwObot2,https://twitter.com/i/web/status/839548742156095496
Lucky Charms,"RT @vivtorres__: Too many bowls of that green, no lucky charms",
Lucky Charms,"RT @UberFacts: Lucky the leprechaun wasn't always the Lucky Charms mascot‚Äîin 1975, Lucky Charms boxes in New England featured Waldo the Wiz‚Ä¶",
Lucky Charms,@PressSec Oh Great! Ireland! St. Paddy's Day! Please advise against Lucky Charms at any State Breakfasts...,
Lucky Charms,RT @GYNTK: Did you have lucky charms for breakfast  @BiancaNorwood? Because you look magically delicious! https://t.co/2bmo5ydpjQ,http://gyntk.com/bianca
Lucky Charms,The leprechaun came back and this timer left us his Lucky Charms https://t.co/koCIiRWX7e,http://fb.me/8BWMWmzig
Lucky Charms,@its_tim1 lucky charms &gt; fruity pebbles,
Lucky Charms,RT @DevillierMyklin: I got a dumb obsession with lucky charms,
Lucky Charms,The leprechaun has returned and left us some lucky charms! https://t.co/5FnAccQply,
Lucky Charms,would you eat lucky charms out of someone's ass for... ‚Äî i mean for a million dollars... https://t.co/VjUYFNomj6,https://curiouscat.me/keylamuniz_/post/116507367?t=1488998170
Lucky Charms,@LunalaDoll What's your favorite? Mine = Lucky Charms!,
Lucky Charms,RT @Tayglo_: Top 5: 1. FRUITY PEBBLES 2. lucky charms 3. Reese's Puffs 4. Cinnamon toast crunch 5. Captain crunch https://t.co/EqgoMkfO5c,https://twitter.com/queenneche/status/839538908165771264
Lucky Charms,üçÄThey're after for me lucky charms üçÄ contacts from eclipseluxcontacts in the color ash gray‚Ä¶ https://t.co/uroEgTDiBI,https://www.instagram.com/p/BRYyhUYBWn-/
Lucky Charms,I got a dumb obsession with lucky charms,
Lucky Charms,"RT @lisaxy424: Cooking dinner for others: homemade, fresh ingredients, fancy plating

For myself: lucky charms in tupperware w milk that ex‚Ä¶",
Lucky Charms,#dr savitt brick nj lucky charms nutritional info,
Lucky Charms,Follow @TheOutpostSA on IG to submit your guess for how many MARSHMALLOWS are in this jar of Lucky Charms! Prizes o‚Ä¶ https://t.co/qeyxJiOx9x,https://twitter.com/i/web/status/839543246820880384
Lucky Charms,@@@@ that title goes to Lucky Charms https://t.co/B3sttZvStl,https://twitter.com/_ajls/status/838993054409228288
Lucky Charms,"I like practicing self discipline by eating all the cereal, then the marshmallows last in lucky charms",
Lucky Charms,@rapperatlas wtf where my lucky charms fam,
Lucky Charms,RT @Odddieee: Lucky charms with vanilla icecream &gt;&gt;&gt;,
Lucky Charms,Lucky charms turned my milk green. My day is coming along.,
Lucky Charms,Have you ever wondered how many marshmallows you might get in a bowl of lucky charms? K/1's at Hjorth did an inquir‚Ä¶ https://t.co/zU25ENZypS,https://twitter.com/i/web/status/839541221714354176
Lucky Charms,"RT @DeathRowDiner: St Patricks day next Friday! 

We'll be running lots of specials including this Spiced Rum Shamrock Shake, topped with l‚Ä¶",
Lucky Charms,@LuckyCharms no leprechauns this year? What about the special boxes of St. Patrick's day Lucky Charms? üçÄ‚òòÔ∏èüçÄ‚òòÔ∏èüçÄ,
Lucky Charms,you can order a POUND of lucky charms marshmallows on amazon for less than $10 what a time to be alive,
Lucky Charms,RT @DelishDotCom: This Lucky Charms Hack Will Change The Way You Bake Pies https://t.co/0PDVuptufI https://t.co/jX1ifcp83v,http://dlsh.it/XcNTsqy
Lucky Charms,"St Patricks day next Friday! 

We'll be running lots of specials including this Spiced Rum Shamrock Shake, topped w‚Ä¶ https://t.co/9CjbruMPyj",https://twitter.com/i/web/status/839539868078391297
Lucky Charms,Top 5: 1. FRUITY PEBBLES 2. lucky charms 3. Reese's Puffs 4. Cinnamon toast crunch 5. Captain crunch https://t.co/EqgoMkfO5c,https://twitter.com/queenneche/status/839538908165771264
Lucky Charms,RT @tshift3: Anyone else do this with Lucky Charms cereal or am I just that weird? Hehe https://t.co/bJCy1kI4qX,
Lucky Charms,RT @poppunkhan: What's the better part of lucky charms cereal,
Lucky Charms,Did you have lucky charms for breakfast  @BiancaNorwood? Because you look magically delicious! https://t.co/2bmo5ydpjQ,http://gyntk.com/bianca
Lucky Charms,Top 5: 1. Cinnamon Toast Crunch 2. Cinnamon Toast Crunch 3. Cinnamon Toast Crunch 4. Cinnamon Toast Crunch 5. Lucky‚Ä¶ https://t.co/eXvX69pXDV,https://twitter.com/i/web/status/839538908165771264
Lucky Charms,Wife poisons husband's Lucky Charms to avoid sex with him https://t.co/yC9anXY5mw via @nypost,http://nyp.st/2lVhEEP
